id,first_name,last_name,email,gender,ip_address
1,Merrel,Moult,mmoult0@loc.gov,Bigender,158.28.93.203
2,Kaleena,Alekhov,kalekhov1@nih.gov,Female,193.136.219.188
3,Ailey,Ruddle,aruddle2@toplist.cz,Genderqueer,118.130.142.90
4,Dionne,Screaton,dscreaton3@mapquest.com,Female,108.165.211.250
5,Matias,Kermott,mkermott4@disqus.com,Male,65.251.118.176
6,Paton,Knights,pknights5@accuweather.com,Bigender,19.40.2.3
7,Kin,Champkins,kchampkins6@usa.gov,Male,142.87.208.206
8,Thatcher,Keasy,tkeasy7@usa.gov,Male,154.222.42.127
9,Barrett,Antonietti,bantonietti8@weebly.com,Male,8.6.185.13
10,Caddric,Le Friec,clefriec9@tiny.cc,Male,32.205.64.151
11,Mildred,MacAdam,mmacadama@networkadvertising.org,Female,170.126.228.128
12,Sydelle,Billingsley,sbillingsleyb@answers.com,Agender,44.42.232.200
13,Lorens,Labarre,llabarrec@irs.gov,Polygender,86.55.246.227
14,Modestine,Haresnape,mharesnaped@geocities.com,Female,74.45.253.152
15,Sandro,Hance,shancee@skype.com,Male,2.104.116.186
16,Morton,Zmitruk,mzmitrukf@soundcloud.com,Male,88.30.74.166
17,Hallie,Jobbins,hjobbinsg@java.com,Female,0.128.161.30
18,Theodor,Criple,tcripleh@goodreads.com,Male,154.17.99.19
19,Haskel,Carwardine,hcarwardinei@linkedin.com,Male,174.176.67.231
20,Jonah,Linnit,jlinnitj@bravesites.com,Male,125.183.239.62
21,Ally,Hullah,ahullahk@cnn.com,Female,241.225.58.242
22,Tobie,Dengate,tdengatel@issuu.com,Male,138.159.13.170
23,Elsa,Fullick,efullickm@weather.com,Female,182.33.168.107
24,Bourke,Jolley,bjolleyn@webeden.co.uk,Male,104.90.115.211
25,Say,Bratten,sbratteno@meetup.com,Male,150.171.223.247
26,Eamon,Marin,emarinp@list-manage.com,Male,122.9.82.211
27,Burl,McLafferty,bmclaffertyq@youtu.be,Male,205.208.115.93
28,Eliot,Victoria,evictoriar@latimes.com,Agender,28.226.154.190
29,Juliet,Elsmore,jelsmores@istockphoto.com,Female,174.240.121.75
30,Roma,Jerzyk,rjerzykt@reference.com,Male,251.101.61.190
31,Kirbie,Eglington,keglingtonu@hugedomains.com,Bigender,189.168.201.82
32,Julian,Tooher,jtooherv@samsung.com,Male,242.37.137.119
33,Glen,Sprigings,gsprigingsw@ovh.net,Female,175.44.220.74
34,Lonnard,Bovingdon,lbovingdonx@is.gd,Male,56.68.227.42
35,Rogers,Besnard,rbesnardy@wordpress.com,Male,169.232.27.76
36,Tiebold,Howgego,thowgegoz@columbia.edu,Male,71.214.249.35
37,Bil,Darko,bdarko10@epa.gov,Male,42.104.31.224
38,Ileana,Ventam,iventam11@blog.com,Female,235.252.0.18
39,Selestina,Scoates,sscoates12@drupal.org,Female,220.91.252.224
40,Skylar,Ashenhurst,sashenhurst13@xing.com,Male,109.167.203.174
41,Clayton,Wellbelove,cwellbelove14@51.la,Male,156.248.29.184
42,Gretal,Marvelley,gmarvelley15@cbsnews.com,Female,45.163.102.27
43,Anatol,Foulis,afoulis16@ezinearticles.com,Male,115.17.157.24
44,Ellwood,Worlock,eworlock17@1688.com,Male,178.247.159.136
45,Sonny,Mournian,smournian18@wikispaces.com,Female,78.121.166.7
46,Lazarus,Roarty,lroarty19@oakley.com,Male,175.220.194.200
47,Sergent,Baird,sbaird1a@feedburner.com,Male,54.53.231.78
48,Merry,Truter,mtruter1b@ehow.com,Male,205.47.74.96
49,Clemmy,Boldry,cboldry1c@exblog.jp,Male,19.194.229.67
50,Cam,Alison,calison1d@taobao.com,Male,57.215.50.57
